call_line;return_line;id;time_utc;function;monitor;code_hex;value_dec;value_hex;api_ok;error_hex;current;maximum;duration_ms
107;108;1;2026-09-28T20:51:30.276Z;SetVCPFeature;0x0;0x99;1;0x01;True;;;;64.0
109;110;2;2026-09-28T20:51:30.340Z;SetVCPFeature;0x0;0xf7;1;0x01;True;;;;65.0
111;112;3;2026-09-28T20:52:01.540Z;SetVCPFeature;0x0;0x99;1;0x01;True;;;;57.0
113;114;4;2026-09-28T20:52:01.597Z;SetVCPFeature;0x0;0x22;1;0x01;True;;;;62.0
115;116;5;2026-09-28T20:52:01.669Z;GetVCPFeatureAndVCPFeatureReply;0x0;0x99;;;False;0xC0262589;;;55.0
117;118;6;2026-09-28T20:52:01.724Z;GetVCPFeatureAndVCPFeatureReply;0x0;0x47;;;False;0xC0262589;;;62.0
119;120;7;2026-09-28T20:52:02.050Z;GetVCPFeatureAndVCPFeatureReply;0x0;0x99;;;False;0xC0262589;;;64.0
121;122;8;2026-09-28T20:52:02.114Z;GetVCPFeatureAndVCPFeatureReply;0x0;0x47;;;False;0xC0262589;;;62.0
123;124;9;2026-09-28T20:52:02.441Z;GetVCPFeatureAndVCPFeatureReply;0x0;0x99;;;False;0xC0262589;;;63.0
125;126;10;2026-09-28T20:52:02.504Z;GetVCPFeatureAndVCPFeatureReply;0x0;0x47;;;False;0xC0262589;;;63.0
127;128;11;2026-09-28T20:52:02.831Z;GetVCPFeatureAndVCPFeatureReply;0x0;0x99;;;False;0xC0262589;;;64.0
129;130;12;2026-09-28T20:52:02.895Z;GetVCPFeatureAndVCPFeatureReply;0x0;0x47;;;False;0xC0262589;;;62.0
131;132;13;2026-09-28T20:52:03.222Z;GetVCPFeatureAndVCPFeatureReply;0x0;0x99;;;False;0xC0262589;;;64.0
133;134;14;2026-09-28T20:52:03.286Z;GetVCPFeatureAndVCPFeatureReply;0x0;0x47;;;False;0xC0262589;;;63.0
135;136;15;2026-09-28T20:52:03.613Z;GetVCPFeatureAndVCPFeatureReply;0x0;0x99;;;False;0xC0262589;;;65.0
137;138;16;2026-09-28T20:52:03.678Z;GetVCPFeatureAndVCPFeatureReply;0x0;0x48;;;False;0xC0262589;;;62.0
139;140;17;2026-09-28T20:52:03.992Z;GetVCPFeatureAndVCPFeatureReply;0x0;0x99;;;False;0xC0262589;;;63.0
141;142;18;2026-09-28T20:52:04.055Z;GetVCPFeatureAndVCPFeatureReply;0x0;0x48;;;False;0xC0262589;;;63.0
143;144;19;2026-09-28T20:52:04.383Z;GetVCPFeatureAndVCPFeatureReply;0x0;0x99;;;False;0xC0262589;;;63.0
145;146;20;2026-09-28T20:52:04.446Z;GetVCPFeatureAndVCPFeatureReply;0x0;0x48;;;False;0xC0262589;;;63.0
147;148;21;2026-09-28T20:52:04.774Z;GetVCPFeatureAndVCPFeatureReply;0x0;0x99;;;False;0xC0262589;;;63.0
149;150;22;2026-09-28T20:52:04.838Z;GetVCPFeatureAndVCPFeatureReply;0x0;0x48;;;False;0xC0262589;;;59.0
151;152;23;2026-09-28T20:52:05.149Z;GetVCPFeatureAndVCPFeatureReply;0x0;0x99;;;False;0xC0262589;;;64.0
153;154;24;2026-09-28T20:52:05.213Z;GetVCPFeatureAndVCPFeatureReply;0x0;0x48;;;False;0xC0262589;;;62.0
155;156;25;2026-09-28T20:52:10.096Z;GetVCPFeatureAndVCPFeatureReply;0x0;0x99;;;False;0xC0262589;;;58.0
157;158;26;2026-09-28T20:52:10.156Z;GetVCPFeatureAndVCPFeatureReply;0x0;0x22;;;False;0xC0262589;;;61.0
159;160;27;2026-09-28T20:52:10.482Z;GetVCPFeatureAndVCPFeatureReply;0x0;0x99;;;False;0xC0262589;;;65.0
161;162;28;2026-09-28T20:52:10.549Z;GetVCPFeatureAndVCPFeatureReply;0x0;0x22;;;False;0xC0262589;;;60.0
163;164;29;2026-09-28T20:52:10.875Z;GetVCPFeatureAndVCPFeatureReply;0x0;0x99;;;False;0xC0262589;;;64.0
165;166;30;2026-09-28T20:52:10.942Z;GetVCPFeatureAndVCPFeatureReply;0x0;0x22;;;False;0xC0262589;;;60.0
167;168;31;2026-09-28T20:52:11.267Z;GetVCPFeatureAndVCPFeatureReply;0x0;0x99;;;False;0xC0262589;;;62.0
169;170;32;2026-09-28T20:52:11.331Z;GetVCPFeatureAndVCPFeatureReply;0x0;0x22;;;False;0xC0262589;;;62.0
171;172;33;2026-09-28T20:52:11.659Z;GetVCPFeatureAndVCPFeatureReply;0x0;0x99;;;False;0xC0262589;;;64.0
173;174;34;2026-09-28T20:52:11.725Z;GetVCPFeatureAndVCPFeatureReply;0x0;0x22;;;False;0xC0262589;;;61.0
175;176;35;2026-09-28T20:52:12.053Z;GetVCPFeatureAndVCPFeatureReply;0x0;0x99;;;False;0xC0262589;;;63.0
177;178;36;2026-09-28T20:52:12.119Z;GetVCPFeatureAndVCPFeatureReply;0x0;0x22;;;False;0xC0262589;;;60.0
179;180;37;2026-09-28T20:52:12.199Z;SetVCPFeature;0x0;0x99;2;0x02;True;;;;53.0
181;182;38;2026-09-28T20:52:12.252Z;SetVCPFeature;0x0;0x22;2;0x02;True;;;;52.0
183;184;39;2026-09-28T20:52:15.201Z;SetVCPFeature;0x0;0x99;5;0x05;True;;;;66.0
185;186;40;2026-09-28T20:52:15.267Z;SetVCPFeature;0x0;0x14;5;0x05;True;;;;61.0
187;188;41;2026-09-28T20:52:18.291Z;SetVCPFeature;0x0;0x99;8;0x08;True;;;;67.0
189;190;42;2026-09-28T20:52:18.358Z;SetVCPFeature;0x0;0x14;8;0x08;True;;;;63.0
191;192;43;2026-09-28T20:52:18.756Z;SetVCPFeature;0x0;0x99;6;0x06;True;;;;57.0
193;194;44;2026-09-28T20:52:18.813Z;SetVCPFeature;0x0;0x14;6;0x06;True;;;;62.0
195;196;45;2026-09-28T20:52:19.227Z;SetVCPFeature;0x0;0x99;11;0x0b;True;;;;56.0
197;198;46;2026-09-28T20:52:19.283Z;SetVCPFeature;0x0;0x14;11;0x0b;True;;;;62.0
199;200;47;2026-09-28T20:52:19.874Z;SetVCPFeature;0x0;0x99;10;0x0a;True;;;;63.0
201;202;48;2026-09-28T20:52:19.937Z;SetVCPFeature;0x0;0x16;10;0x0a;True;;;;64.0
203;204;49;2026-09-28T20:52:20.422Z;SetVCPFeature;0x0;0x99;10;0x0a;True;;;;63.0
205;206;50;2026-09-28T20:52:20.485Z;SetVCPFeature;0x0;0x17;10;0x0a;True;;;;63.0
207;208;51;2026-09-28T20:52:22.074Z;SetVCPFeature;0x0;0x99;10;0x0a;True;;;;59.0
209;210;52;2026-09-28T20:52:22.133Z;SetVCPFeature;0x0;0x18;10;0x0a;True;;;;62.0
211;212;53;2026-09-28T20:52:23.094Z;SetVCPFeature;0x0;0x99;10;0x0a;True;;;;56.0
213;214;54;2026-09-28T20:52:23.150Z;SetVCPFeature;0x0;0x9b;10;0x0a;True;;;;63.0
215;216;55;2026-09-28T20:52:23.708Z;SetVCPFeature;0x0;0x99;10;0x0a;True;;;;56.0
217;218;56;2026-09-28T20:52:23.764Z;SetVCPFeature;0x0;0x9d;10;0x0a;True;;;;63.0
219;220;57;2026-09-28T20:52:24.209Z;SetVCPFeature;0x0;0x99;10;0x0a;True;;;;57.0
221;222;58;2026-09-28T20:52:24.266Z;SetVCPFeature;0x0;0x9f;10;0x0a;True;;;;62.0
223;224;59;2026-09-28T20:52:24.647Z;SetVCPFeature;0x0;0x99;10;0x0a;True;;;;58.0
225;226;60;2026-09-28T20:52:24.705Z;SetVCPFeature;0x0;0x9e;10;0x0a;True;;;;63.0
227;228;61;2026-09-28T20:52:25.735Z;SetVCPFeature;0x0;0x99;10;0x0a;True;;;;65.0
229;230;62;2026-09-28T20:52:25.800Z;SetVCPFeature;0x0;0xa0;10;0x0a;True;;;;64.0
231;232;63;2026-09-28T20:52:26.117Z;SetVCPFeature;0x0;0x99;10;0x0a;True;;;;62.0
233;234;64;2026-09-28T20:52:26.179Z;SetVCPFeature;0x0;0x9c;10;0x0a;True;;;;62.0
235;236;65;2026-09-28T20:52:27.156Z;SetVCPFeature;0x0;0x99;10;0x0a;True;;;;52.0
237;238;66;2026-09-28T20:52:27.208Z;SetVCPFeature;0x0;0x59;10;0x0a;True;;;;62.0
239;240;67;2026-09-28T20:52:27.517Z;SetVCPFeature;0x0;0x99;10;0x0a;True;;;;67.0
241;242;68;2026-09-28T20:52:27.584Z;SetVCPFeature;0x0;0x5b;10;0x0a;True;;;;62.0
243;244;69;2026-09-28T20:52:28.034Z;SetVCPFeature;0x0;0x99;10;0x0a;True;;;;51.0
245;246;70;2026-09-28T20:52:28.085Z;SetVCPFeature;0x0;0x5d;10;0x0a;True;;;;63.0
247;248;71;2026-09-28T20:52:28.491Z;SetVCPFeature;0x0;0x99;10;0x0a;True;;;;67.0
249;250;72;2026-09-28T20:52:28.558Z;SetVCPFeature;0x0;0x5c;10;0x0a;True;;;;63.0
251;252;73;2026-09-28T20:52:29.415Z;SetVCPFeature;0x0;0x99;10;0x0a;True;;;;65.0
253;254;74;2026-09-28T20:52:29.480Z;SetVCPFeature;0x0;0x5e;10;0x0a;True;;;;64.0
255;256;75;2026-09-28T20:52:30.620Z;SetVCPFeature;0x0;0x99;10;0x0a;True;;;;59.0
257;258;76;2026-09-28T20:52:30.679Z;SetVCPFeature;0x0;0x5a;10;0x0a;True;;;;62.0
259;260;77;2026-09-28T20:52:32.732Z;SetVCPFeature;0x0;0x99;20;0x14;True;;;;57.0
261;262;78;2026-09-28T20:52:32.789Z;SetVCPFeature;0x0;0x5e;20;0x14;True;;;;62.0
263;264;79;2026-09-28T20:52:33.023Z;SetVCPFeature;0x0;0x99;20;0x14;True;;;;63.0
265;266;80;2026-09-28T20:52:33.086Z;SetVCPFeature;0x0;0x5a;20;0x14;True;;;;62.0
267;268;81;2026-09-28T20:52:33.805Z;SetVCPFeature;0x0;0x99;10;0x0a;True;;;;64.0
269;270;82;2026-09-28T20:52:33.869Z;SetVCPFeature;0x0;0x42;10;0x0a;True;;;;61.0
271;272;83;2026-09-28T20:52:34.396Z;SetVCPFeature;0x0;0x99;1;0x01;True;;;;68.0
273;274;84;2026-09-28T20:52:34.464Z;SetVCPFeature;0x0;0xd8;1;0x01;True;;;;62.0
275;276;85;2026-09-28T20:52:35.149Z;SetVCPFeature;0x0;0x99;2;0x02;True;;;;54.0
277;278;86;2026-09-28T20:52:35.203Z;SetVCPFeature;0x0;0x26;2;0x02;True;;;;62.0
279;280;87;2026-09-28T20:52:35.615Z;SetVCPFeature;0x0;0x99;4;0x04;True;;;;56.0
281;282;88;2026-09-28T20:52:35.671Z;SetVCPFeature;0x0;0x26;4;0x04;True;;;;63.0
283;284;89;2026-09-28T20:52:35.891Z;SetVCPFeature;0x0;0x99;6;0x06;True;;;;60.0
285;286;90;2026-09-28T20:52:35.951Z;SetVCPFeature;0x0;0x26;6;0x06;True;;;;63.0
287;288;91;2026-09-28T20:52:36.348Z;SetVCPFeature;0x0;0x99;1;0x01;True;;;;55.0
289;290;92;2026-09-28T20:52:36.403Z;SetVCPFeature;0x0;0x45;1;0x01;True;;;;62.0
291;292;93;2026-09-28T20:52:36.755Z;SetVCPFeature;0x0;0x99;1;0x01;True;;;;55.0
293;294;94;2026-09-28T20:52:36.810Z;SetVCPFeature;0x0;0x49;1;0x01;True;;;;63.0
295;296;95;2026-09-28T20:52:37.804Z;SetVCPFeature;0x0;0x99;1;0x01;True;;;;66.0
297;298;96;2026-09-28T20:52:37.870Z;SetVCPFeature;0x0;0x4a;1;0x01;True;;;;63.0
299;300;97;2026-09-28T20:52:38.589Z;SetVCPFeature;0x0;0x99;1;0x01;True;;;;64.0
301;302;98;2026-09-28T20:52:38.653Z;SetVCPFeature;0x0;0x44;1;0x01;True;;;;62.0
303;304;99;2026-09-28T20:52:39.038Z;SetVCPFeature;0x0;0x99;1;0x01;True;;;;53.0
305;306;100;2026-09-28T20:52:39.091Z;SetVCPFeature;0x0;0x40;1;0x01;True;;;;62.0
307;308;101;2026-09-28T20:52:39.740Z;SetVCPFeature;0x0;0x99;1;0x01;True;;;;54.0
309;310;102;2026-09-28T20:52:39.794Z;SetVCPFeature;0x0;0x41;1;0x01;True;;;;63.0
311;312;103;2026-09-28T20:52:41.072Z;SetVCPFeature;0x0;0x99;1;0x01;True;;;;58.0
313;314;104;2026-09-28T20:52:41.130Z;SetVCPFeature;0x0;0x87;1;0x01;True;;;;62.0
315;316;105;2026-09-28T20:52:41.487Z;SetVCPFeature;0x0;0x99;10;0x0a;True;;;;65.0
317;318;106;2026-09-28T20:52:41.552Z;SetVCPFeature;0x0;0x12;10;0x0a;True;;;;62.0
319;320;107;2026-09-28T20:52:42.938Z;SetVCPFeature;0x0;0x99;1;0x01;True;;;;57.0
321;322;108;2026-09-28T20:52:42.995Z;SetVCPFeature;0x0;0x22;1;0x01;True;;;;63.0
323;324;109;2026-09-28T20:52:44.043Z;SetVCPFeature;0x0;0x99;3;0x03;True;;;;53.0
325;326;110;2026-09-28T20:52:44.096Z;SetVCPFeature;0x0;0x22;3;0x03;True;;;;63.0
327;328;111;2026-09-28T20:52:44.168Z;GetVCPFeatureAndVCPFeatureReply;0x0;0x99;;;False;0xC0262589;;;55.0
329;330;112;2026-09-28T20:52:44.223Z;GetVCPFeatureAndVCPFeatureReply;0x0;0x47;;;False;0xC0262589;;;62.0
331;332;113;2026-09-28T20:52:44.537Z;GetVCPFeatureAndVCPFeatureReply;0x0;0x99;;;False;0xC0262589;;;63.0
333;334;114;2026-09-28T20:52:44.600Z;GetVCPFeatureAndVCPFeatureReply;0x0;0x47;;;False;0xC0262589;;;62.0
335;336;115;2026-09-28T20:52:44.926Z;GetVCPFeatureAndVCPFeatureReply;0x0;0x99;;;False;0xC0262589;;;62.0
337;338;116;2026-09-28T20:52:44.988Z;GetVCPFeatureAndVCPFeatureReply;0x0;0x47;;;False;0xC0262589;;;64.0
339;340;117;2026-09-28T20:52:45.318Z;GetVCPFeatureAndVCPFeatureReply;0x0;0x99;;;False;0xC0262589;;;64.0
341;342;118;2026-09-28T20:52:45.382Z;GetVCPFeatureAndVCPFeatureReply;0x0;0x47;;;False;0xC0262589;;;63.0
343;344;119;2026-09-28T20:52:45.698Z;GetVCPFeatureAndVCPFeatureReply;0x0;0x99;;;False;0xC0262589;;;64.0
345;346;120;2026-09-28T20:52:45.762Z;GetVCPFeatureAndVCPFeatureReply;0x0;0x47;;;False;0xC0262589;;;62.0
347;348;121;2026-09-28T20:52:46.089Z;GetVCPFeatureAndVCPFeatureReply;0x0;0x99;;;False;0xC0262589;;;64.0
349;350;122;2026-09-28T20:52:46.153Z;GetVCPFeatureAndVCPFeatureReply;0x0;0x48;;;False;0xC0262589;;;62.0
351;352;123;2026-09-28T20:52:46.480Z;GetVCPFeatureAndVCPFeatureReply;0x0;0x99;;;False;0xC0262589;;;64.0
353;354;124;2026-09-28T20:52:46.544Z;GetVCPFeatureAndVCPFeatureReply;0x0;0x48;;;False;0xC0262589;;;62.0
355;356;125;2026-09-28T20:52:46.871Z;GetVCPFeatureAndVCPFeatureReply;0x0;0x99;;;False;0xC0262589;;;64.0
357;358;126;2026-09-28T20:52:46.935Z;GetVCPFeatureAndVCPFeatureReply;0x0;0x48;;;False;0xC0262589;;;62.0
359;360;127;2026-09-28T20:52:47.262Z;GetVCPFeatureAndVCPFeatureReply;0x0;0x99;;;False;0xC0262589;;;65.0
361;362;128;2026-09-28T20:52:47.327Z;GetVCPFeatureAndVCPFeatureReply;0x0;0x48;;;False;0xC0262589;;;63.0
363;364;129;2026-09-28T20:52:47.652Z;GetVCPFeatureAndVCPFeatureReply;0x0;0x99;;;False;0xC0262589;;;62.0
365;366;130;2026-09-28T20:52:47.714Z;GetVCPFeatureAndVCPFeatureReply;0x0;0x48;;;False;0xC0262589;;;63.0
367;368;131;2026-09-28T20:52:49.939Z;GetVCPFeatureAndVCPFeatureReply;0x0;0x99;;;False;0xC0262589;;;59.0
369;370;132;2026-09-28T20:52:50.000Z;GetVCPFeatureAndVCPFeatureReply;0x0;0x22;;;False;0xC0262589;;;61.0
371;372;133;2026-09-28T20:52:50.327Z;GetVCPFeatureAndVCPFeatureReply;0x0;0x99;;;False;0xC0262589;;;64.0
373;374;134;2026-09-28T20:52:50.392Z;GetVCPFeatureAndVCPFeatureReply;0x0;0x22;;;False;0xC0262589;;;62.0
375;376;135;2026-09-28T20:52:50.718Z;GetVCPFeatureAndVCPFeatureReply;0x0;0x99;;;False;0xC0262589;;;64.0
377;378;136;2026-09-28T20:52:50.784Z;GetVCPFeatureAndVCPFeatureReply;0x0;0x22;;;False;0xC0262589;;;61.0
379;380;137;2026-09-28T20:52:51.109Z;GetVCPFeatureAndVCPFeatureReply;0x0;0x99;;;False;0xC0262589;;;64.0
381;382;138;2026-09-28T20:52:51.174Z;GetVCPFeatureAndVCPFeatureReply;0x0;0x22;;;False;0xC0262589;;;62.0
383;384;139;2026-09-28T20:52:51.501Z;GetVCPFeatureAndVCPFeatureReply;0x0;0x99;;;False;0xC0262589;;;64.0
385;386;140;2026-09-28T20:52:51.566Z;GetVCPFeatureAndVCPFeatureReply;0x0;0x22;;;False;0xC0262589;;;64.0
387;388;141;2026-09-28T20:52:51.894Z;GetVCPFeatureAndVCPFeatureReply;0x0;0x99;;;False;0xC0262589;;;63.0
389;390;142;2026-09-28T20:52:51.959Z;GetVCPFeatureAndVCPFeatureReply;0x0;0x22;;;False;0xC0262589;;;61.0
391;392;143;2026-09-28T20:52:52.045Z;SetVCPFeature;0x0;0x99;4;0x04;True;;;;51.0
393;394;144;2026-09-28T20:52:52.096Z;SetVCPFeature;0x0;0x22;4;0x04;True;;;;52.0
395;396;145;2026-09-28T20:53:00.268Z;SetVCPFeature;0x0;0x99;5;0x05;True;;;;65.0
397;398;146;2026-09-28T20:53:00.333Z;SetVCPFeature;0x0;0x22;5;0x05;True;;;;61.0
399;400;147;2026-09-28T20:53:00.402Z;GetVCPFeatureAndVCPFeatureReply;0x0;0x99;;;False;0xC0262589;;;57.0
401;402;148;2026-09-28T20:53:00.459Z;GetVCPFeatureAndVCPFeatureReply;0x0;0x47;;;False;0xC0262589;;;62.0
403;404;149;2026-09-28T20:53:00.787Z;GetVCPFeatureAndVCPFeatureReply;0x0;0x99;;;False;0xC0262589;;;63.0
405;406;150;2026-09-28T20:53:00.850Z;GetVCPFeatureAndVCPFeatureReply;0x0;0x47;;;False;0xC0262589;;;63.0
407;408;151;2026-09-28T20:53:01.177Z;GetVCPFeatureAndVCPFeatureReply;0x0;0x99;;;False;0xC0262589;;;62.0
409;410;152;2026-09-28T20:53:01.239Z;GetVCPFeatureAndVCPFeatureReply;0x0;0x47;;;False;0xC0262589;;;63.0
411;412;153;2026-09-28T20:53:01.554Z;GetVCPFeatureAndVCPFeatureReply;0x0;0x99;;;False;0xC0262589;;;63.0
413;414;154;2026-09-28T20:53:01.617Z;GetVCPFeatureAndVCPFeatureReply;0x0;0x47;;;False;0xC0262589;;;63.0
415;416;155;2026-09-28T20:53:01.944Z;GetVCPFeatureAndVCPFeatureReply;0x0;0x99;;;False;0xC0262589;;;64.0
417;418;156;2026-09-28T20:53:02.008Z;GetVCPFeatureAndVCPFeatureReply;0x0;0x47;;;False;0xC0262589;;;63.0
419;420;157;2026-09-28T20:53:02.336Z;GetVCPFeatureAndVCPFeatureReply;0x0;0x99;;;False;0xC0262589;;;64.0
421;422;158;2026-09-28T20:53:02.400Z;GetVCPFeatureAndVCPFeatureReply;0x0;0x48;;;False;0xC0262589;;;61.0
423;424;159;2026-09-28T20:53:02.725Z;GetVCPFeatureAndVCPFeatureReply;0x0;0x99;;;False;0xC0262589;;;64.0
425;426;160;2026-09-28T20:53:02.789Z;GetVCPFeatureAndVCPFeatureReply;0x0;0x48;;;False;0xC0262589;;;62.0
427;428;161;2026-09-28T20:53:03.116Z;GetVCPFeatureAndVCPFeatureReply;0x0;0x99;;;False;0xC0262589;;;63.0
429;430;162;2026-09-28T20:53:03.179Z;GetVCPFeatureAndVCPFeatureReply;0x0;0x48;;;False;0xC0262589;;;62.0
431;432;163;2026-09-28T20:53:03.505Z;GetVCPFeatureAndVCPFeatureReply;0x0;0x99;;;False;0xC0262589;;;64.0
433;434;164;2026-09-28T20:53:03.569Z;GetVCPFeatureAndVCPFeatureReply;0x0;0x48;;;False;0xC0262589;;;63.0
435;436;165;2026-09-28T20:53:03.884Z;GetVCPFeatureAndVCPFeatureReply;0x0;0x99;;;False;0xC0262589;;;63.0
437;438;166;2026-09-28T20:53:03.947Z;GetVCPFeatureAndVCPFeatureReply;0x0;0x48;;;False;0xC0262589;;;63.0
439;440;167;2026-09-28T20:53:05.149Z;GetVCPFeatureAndVCPFeatureReply;0x0;0x99;;;False;0xC0262589;;;60.0
441;442;168;2026-09-28T20:53:05.211Z;GetVCPFeatureAndVCPFeatureReply;0x0;0x22;;;False;0xC0262589;;;61.0
443;444;169;2026-09-28T20:53:05.536Z;GetVCPFeatureAndVCPFeatureReply;0x0;0x99;;;False;0xC0262589;;;63.0
445;446;170;2026-09-28T20:53:05.601Z;GetVCPFeatureAndVCPFeatureReply;0x0;0x22;;;False;0xC0262589;;;60.0
447;448;171;2026-09-28T20:53:05.926Z;GetVCPFeatureAndVCPFeatureReply;0x0;0x99;;;False;0xC0262589;;;65.0
449;450;172;2026-09-28T20:53:05.993Z;GetVCPFeatureAndVCPFeatureReply;0x0;0x22;;;False;0xC0262589;;;60.0
451;452;173;2026-09-28T20:53:06.317Z;GetVCPFeatureAndVCPFeatureReply;0x0;0x99;;;False;0xC0262589;;;64.0
453;454;174;2026-09-28T20:53:06.383Z;GetVCPFeatureAndVCPFeatureReply;0x0;0x22;;;False;0xC0262589;;;61.0
455;456;175;2026-09-28T20:53:06.710Z;GetVCPFeatureAndVCPFeatureReply;0x0;0x99;;;False;0xC0262589;;;64.0
457;458;176;2026-09-28T20:53:06.776Z;GetVCPFeatureAndVCPFeatureReply;0x0;0x22;;;False;0xC0262589;;;61.0
459;460;177;2026-09-28T20:53:07.103Z;GetVCPFeatureAndVCPFeatureReply;0x0;0x99;;;False;0xC0262589;;;63.0
461;462;178;2026-09-28T20:53:07.168Z;GetVCPFeatureAndVCPFeatureReply;0x0;0x22;;;False;0xC0262589;;;61.0
463;464;179;2026-09-28T20:53:07.252Z;SetVCPFeature;0x0;0x99;6;0x06;True;;;;52.0
465;466;180;2026-09-28T20:53:07.304Z;SetVCPFeature;0x0;0x22;6;0x06;True;;;;51.0
467;468;181;2026-09-28T20:53:12.397Z;SetVCPFeature;0x0;0x99;0;0x00;True;;;;63.0
469;470;182;2026-09-28T20:53:12.460Z;SetVCPFeature;0x0;0x3a;0;0x00;True;;;;62.0
471;472;183;2026-09-28T20:53:12.926Z;SetVCPFeature;0x0;0x99;1;0x01;True;;;;66.0
473;474;184;2026-09-28T20:53:12.992Z;SetVCPFeature;0x0;0x3a;1;0x01;True;;;;62.0
475;476;185;2026-09-28T20:53:21.003Z;SetVCPFeature;0x0;0x99;4;0x04;True;;;;57.0
477;478;186;2026-09-28T20:53:21.060Z;SetVCPFeature;0x0;0x3a;4;0x04;True;;;;63.0
479;480;187;2026-09-28T20:53:28.828Z;SetVCPFeature;0x0;0x99;1;0x01;True;;;;65.0
481;482;188;2026-09-28T20:53:28.893Z;SetVCPFeature;0x0;0x30;1;0x01;True;;;;62.0
483;484;189;2026-09-28T20:53:30.399Z;SetVCPFeature;0x0;0x99;1;0x01;True;;;;57.0
485;486;190;2026-09-28T20:53:30.456Z;SetVCPFeature;0x0;0x31;1;0x01;True;;;;62.0
487;488;191;2026-09-28T20:53:36.902Z;SetVCPFeature;0x0;0x99;1;0x01;True;;;;59.0
489;490;192;2026-09-28T20:53:36.961Z;SetVCPFeature;0x0;0x3d;1;0x01;True;;;;62.0
491;492;193;2026-09-28T20:53:37.055Z;SetVCPFeature;0x0;0x99;0;0x00;True;;;;61.0
493;494;194;2026-09-28T20:53:37.116Z;SetVCPFeature;0x0;0x34;0;0x00;True;;;;62.0
495;496;195;2026-09-28T20:53:38.371Z;SetVCPFeature;0x0;0x99;1;0x01;True;;;;63.0
497;498;196;2026-09-28T20:53:38.434Z;SetVCPFeature;0x0;0x3e;1;0x01;True;;;;62.0
499;500;197;2026-09-28T20:53:41.345Z;SetVCPFeature;0x0;0x99;1;0x01;True;;;;59.0
501;502;198;2026-09-28T20:53:41.404Z;SetVCPFeature;0x0;0x3f;1;0x01;True;;;;63.0
503;504;199;2026-09-28T20:53:43.312Z;SetVCPFeature;0x0;0x99;1;0x01;True;;;;64.0
505;506;200;2026-09-28T20:53:43.376Z;SetVCPFeature;0x0;0x4b;1;0x01;True;;;;64.0
507;508;201;2026-09-28T20:53:46.670Z;SetVCPFeature;0x0;0x99;1;0x01;True;;;;63.0
509;510;202;2026-09-28T20:53:46.733Z;SetVCPFeature;0x0;0x63;1;0x01;True;;;;63.0
511;512;203;2026-09-28T20:53:49.085Z;SetVCPFeature;0x0;0x99;1;0x01;True;;;;66.0
513;514;204;2026-09-28T20:53:49.151Z;SetVCPFeature;0x0;0x43;1;0x01;True;;;;63.0
515;516;205;2026-09-28T20:53:53.627Z;SetVCPFeature;0x0;0x99;3;0x03;True;;;;64.0
517;518;206;2026-09-28T20:53:53.691Z;SetVCPFeature;0x0;0x47;3;0x03;True;;;;64.0
519;520;207;2026-09-28T20:53:55.159Z;SetVCPFeature;0x0;0x99;2;0x02;True;;;;63.0
521;522;208;2026-09-28T20:53:55.222Z;SetVCPFeature;0x0;0x45;2;0x02;True;;;;63.0
523;524;209;2026-09-28T20:53:56.420Z;SetVCPFeature;0x0;0x99;2;0x02;True;;;;58.0
525;526;210;2026-09-28T20:53:56.478Z;SetVCPFeature;0x0;0x49;2;0x02;True;;;;63.0
527;528;211;2026-09-28T20:53:58.350Z;SetVCPFeature;0x0;0x99;1;0x01;True;;;;56.0
529;530;212;2026-09-28T20:53:58.406Z;SetVCPFeature;0x0;0x4a;1;0x01;True;;;;64.0
531;532;213;2026-09-28T20:53:58.583Z;SetVCPFeature;0x0;0x99;1;0x01;True;;;;62.0
533;534;214;2026-09-28T20:53:58.645Z;SetVCPFeature;0x0;0x4a;1;0x01;True;;;;63.0
535;536;215;2026-09-28T20:54:00.503Z;SetVCPFeature;0x0;0x99;1;0x01;True;;;;53.0
537;538;216;2026-09-28T20:54:00.556Z;SetVCPFeature;0x0;0x40;1;0x01;True;;;;64.0
539;540;217;2026-09-28T20:54:01.594Z;SetVCPFeature;0x0;0x99;1;0x01;True;;;;61.0
541;542;218;2026-09-28T20:54:01.655Z;SetVCPFeature;0x0;0x41;1;0x01;True;;;;64.0
543;544;219;2026-09-28T20:54:02.527Z;SetVCPFeature;0x0;0x99;10;0x0a;True;;;;65.0
545;546;220;2026-09-28T20:54:02.592Z;SetVCPFeature;0x0;0x42;10;0x0a;True;;;;64.0
547;548;221;2026-09-28T20:54:02.677Z;SetVCPFeature;0x0;0x99;20;0x14;True;;;;58.0
549;550;222;2026-09-28T20:54:02.735Z;SetVCPFeature;0x0;0x42;20;0x14;True;;;;64.0
551;552;223;2026-09-28T20:54:03.489Z;SetVCPFeature;0x0;0x99;1;0x01;True;;;;56.0
553;554;224;2026-09-28T20:54:03.545Z;SetVCPFeature;0x0;0x44;1;0x01;True;;;;62.0
555;556;225;2026-09-28T20:54:03.675Z;SetVCPFeature;0x0;0x99;2;0x02;True;;;;59.0
557;558;226;2026-09-28T20:54:03.734Z;SetVCPFeature;0x0;0x44;2;0x02;True;;;;63.0
559;560;227;2026-09-28T20:54:04.578Z;SetVCPFeature;0x0;0x99;10;0x0a;True;;;;64.0
561;562;228;2026-09-28T20:54:04.642Z;SetVCPFeature;0x0;0x46;10;0x0a;True;;;;64.0
563;564;229;2026-09-28T20:54:04.732Z;SetVCPFeature;0x0;0x99;20;0x14;True;;;;53.0
565;566;230;2026-09-28T20:54:04.785Z;SetVCPFeature;0x0;0x46;20;0x14;True;;;;63.0
567;568;231;2026-09-28T20:54:08.923Z;SetVCPFeature;0x0;0x99;0;0x00;True;;;;65.0
569;570;232;2026-09-28T20:54:08.988Z;SetVCPFeature;0x0;0xf7;0;0x00;True;;;;63.0
571;572;233;2026-09-28T20:54:11.894Z;SetVCPFeature;0x0;0x99;10;0x0a;True;;;;65.0
573;574;234;2026-09-28T20:54:11.959Z;SetVCPFeature;0x0;0xf6;10;0x0a;True;;;;64.0
575;576;235;2026-09-28T20:54:12.118Z;SetVCPFeature;0x0;0x99;20;0x14;True;;;;60.0
577;578;236;2026-09-28T20:54:12.178Z;SetVCPFeature;0x0;0xf6;20;0x14;True;;;;63.0
579;580;237;2026-09-28T20:54:14.462Z;SetVCPFeature;0x0;0x99;0;0x00;True;;;;59.0
581;582;238;2026-09-28T20:54:14.521Z;SetVCPFeature;0x0;0x60;0;0x00;True;;;;63.0
583;584;239;2026-09-28T20:54:14.890Z;SetVCPFeature;0x0;0x99;1;0x01;True;;;;53.0
585;586;240;2026-09-28T20:54:14.943Z;SetVCPFeature;0x0;0x60;1;0x01;True;;;;63.0
587;588;241;2026-09-28T20:54:15.227Z;SetVCPFeature;0x0;0x99;2;0x02;True;;;;60.0
589;590;242;2026-09-28T20:54:15.287Z;SetVCPFeature;0x0;0x60;2;0x02;True;;;;63.0
591;592;243;2026-09-28T20:54:16.406Z;SetVCPFeature;0x0;0x99;0;0x00;True;;;;60.0
593;594;244;2026-09-28T20:54:16.466Z;SetVCPFeature;0x0;0x61;0;0x00;True;;;;62.0
595;596;245;2026-09-28T20:54:16.934Z;SetVCPFeature;0x0;0x99;1;0x01;True;;;;64.0
597;598;246;2026-09-28T20:54:16.998Z;SetVCPFeature;0x0;0x61;1;0x01;True;;;;63.0
599;600;247;2026-09-28T20:54:18.379Z;SetVCPFeature;0x0;0x99;15;0x0f;True;;;;67.0
601;602;248;2026-09-28T20:54:18.446Z;SetVCPFeature;0x0;0xc0;15;0x0f;True;;;;63.0
603;604;249;2026-09-28T20:54:18.846Z;SetVCPFeature;0x0;0x99;10;0x0a;True;;;;60.0
605;606;250;2026-09-28T20:54:18.906Z;SetVCPFeature;0x0;0xc1;10;0x0a;True;;;;64.0
607;608;251;2026-09-28T20:54:19.873Z;SetVCPFeature;0x0;0x99;10;0x0a;True;;;;66.0
609;610;252;2026-09-28T20:54:19.939Z;SetVCPFeature;0x0;0xc2;10;0x0a;True;;;;61.0
611;612;253;2026-09-28T20:54:20.416Z;SetVCPFeature;0x0;0x99;10;0x0a;True;;;;56.0
613;614;254;2026-09-28T20:54:20.472Z;SetVCPFeature;0x0;0xc3;10;0x0a;True;;;;64.0
615;616;255;2026-09-28T20:54:26.669Z;SetVCPFeature;0x0;0x99;1;0x01;True;;;;54.0
617;618;256;2026-09-28T20:54:26.723Z;SetVCPFeature;0x0;0x22;1;0x01;True;;;;64.0
619;620;257;2026-09-28T20:54:26.796Z;GetVCPFeatureAndVCPFeatureReply;0x0;0x99;;;False;0xC0262589;;;55.0
621;622;258;2026-09-28T20:54:26.851Z;GetVCPFeatureAndVCPFeatureReply;0x0;0x47;;;False;0xC0262589;;;64.0
623;624;259;2026-09-28T20:54:27.165Z;GetVCPFeatureAndVCPFeatureReply;0x0;0x99;;;False;0xC0262589;;;65.0
625;626;260;2026-09-28T20:54:27.230Z;GetVCPFeatureAndVCPFeatureReply;0x0;0x47;;;False;0xC0262589;;;63.0
627;628;261;2026-09-28T20:54:27.546Z;GetVCPFeatureAndVCPFeatureReply;0x0;0x99;;;False;0xC0262589;;;64.0
629;630;262;2026-09-28T20:54:27.610Z;GetVCPFeatureAndVCPFeatureReply;0x0;0x47;;;False;0xC0262589;;;63.0
631;632;263;2026-09-28T20:54:27.926Z;GetVCPFeatureAndVCPFeatureReply;0x0;0x99;;;False;0xC0262589;;;63.0
633;634;264;2026-09-28T20:54:27.989Z;GetVCPFeatureAndVCPFeatureReply;0x0;0x47;;;False;0xC0262589;;;62.0
635;636;265;2026-09-28T20:54:28.316Z;GetVCPFeatureAndVCPFeatureReply;0x0;0x99;;;False;0xC0262589;;;64.0
637;638;266;2026-09-28T20:54:28.380Z;GetVCPFeatureAndVCPFeatureReply;0x0;0x47;;;False;0xC0262589;;;63.0
639;640;267;2026-09-28T20:54:28.708Z;GetVCPFeatureAndVCPFeatureReply;0x0;0x99;;;False;0xC0262589;;;63.0
641;642;268;2026-09-28T20:54:28.771Z;GetVCPFeatureAndVCPFeatureReply;0x0;0x48;;;False;0xC0262589;;;63.0
643;644;269;2026-09-28T20:54:29.088Z;GetVCPFeatureAndVCPFeatureReply;0x0;0x99;;;False;0xC0262589;;;63.0
645;646;270;2026-09-28T20:54:29.151Z;GetVCPFeatureAndVCPFeatureReply;0x0;0x48;;;False;0xC0262589;;;63.0
647;648;271;2026-09-28T20:54:29.465Z;GetVCPFeatureAndVCPFeatureReply;0x0;0x99;;;False;0xC0262589;;;64.0
649;650;272;2026-09-28T20:54:29.529Z;GetVCPFeatureAndVCPFeatureReply;0x0;0x48;;;False;0xC0262589;;;62.0
651;652;273;2026-09-28T20:54:29.855Z;GetVCPFeatureAndVCPFeatureReply;0x0;0x99;;;False;0xC0262589;;;64.0
653;654;274;2026-09-28T20:54:29.919Z;GetVCPFeatureAndVCPFeatureReply;0x0;0x48;;;False;0xC0262589;;;62.0
655;656;275;2026-09-28T20:54:30.246Z;GetVCPFeatureAndVCPFeatureReply;0x0;0x99;;;False;0xC0262589;;;64.0
657;658;276;2026-09-28T20:54:30.310Z;GetVCPFeatureAndVCPFeatureReply;0x0;0x48;;;False;0xC0262589;;;63.0
659;660;277;2026-09-28T20:54:30.666Z;SetVCPFeature;0x0;0x99;1;0x01;True;;;;65.0
661;662;278;2026-09-28T20:54:30.731Z;SetVCPFeature;0x0;0x22;1;0x01;True;;;;63.0
